{"current_level":"level_1","position_x":-74.0324859619141,"position_y":-0.0248527005314827,"position_z":24.2292289733887,"rotation_x":0.0,"rotation_y":-1.28898549079895,"rotation_z":0.0}
