{"bottle_count":0,"collected_items":[],"current_level":"level_1","food_count":0,"has_castle_key":false,"position_x":119.223167419434,"position_y":-0.0243780203163624,"position_z":-14.2634220123291,"rotation_x":0.0,"rotation_y":1.11931264400482,"rotation_z":0.0}
