{"current_level":"level_2","position_x":-1.43835973739624,"position_y":-22.6120700836182,"position_z":22.5984859466553,"rotation_x":0.0,"rotation_y":-1.17777752876282,"rotation_z":0.0}
