{"bottle_count":0,"collected_items":[],"current_level":"level_1","food_count":0,"has_castle_key":false,"position_x":83.7761001586914,"position_y":-0.0175468623638153,"position_z":64.2068862915039,"rotation_x":0.0,"rotation_y":3.09333086013794,"rotation_z":0.0}
