{"current_level":"level_1","position_x":-118.928428649902,"position_y":-0.0248525962233543,"position_z":21.1538772583008,"rotation_x":0.0,"rotation_y":2.41555523872375,"rotation_z":0.0}
