{"current_level":"Level_1:<Node3D#41372616035>","position_x":0.226119682192802,"position_y":-0.125526323914528,"position_z":-6.6744384765625,"rotation_x":0.0,"rotation_y":0.913333475589752,"rotation_z":0.0}
